{"cameraMode":{"drawMode":0,"name":"Shaded","section":"Shading Mode"},"sceneLighting":true,"audioPlay":false,"sceneViewState":{"showFog":false,"showMaterialUpdate":false,"showSkybox":false,"showFlares":false,"showImageEffects":false,"showParticleSystems":false},"in2DMode":false,"pivot":{"x":1.846600890159607,"y":0.0441877506673336,"z":-0.7751516103744507},"rotation":{"x":0.07860276848077774,"y":0.7752306461334229,"z":-0.09844318777322769,"w":0.6189903020858765},"size":6.7713470458984379,"orthographic":false}